"DELETED","RULESET","RULETYPE","LABEL","ORIGINALTEXT","DATECREATED","DATEMODIFIED","RULEID","CASCADELEVEL","RULENUM","SOURCEDOC","SURROUNDINGTEXT","INPUTMODEL","OUTPUTMODEL","AFSTRULE","TYPELIST","SHORTDESC","AUTHOR"
"N","Default","Aggregate","positiveStorage","[Group[Positive_Terms Storage]]","2016-04-01T14:32:36.662","2016-04-01T14:33:26.535","62B934BC27A74404AC45A70562F87826","2","1","Car Buying.annoconfig","","<?xml version=""1.0"" encoding=""UTF-8""?><treeModel><node deleted=""no"" id="""" isNegative=""no"" isReference=""no"" isRegex=""no"" label="""" nodeImplementation=""Input"" reqd=""1"" type=""0"" value=""Input""><node deleted=""no"" id="""" isNegative=""no"" isReference=""no"" isRegex=""no"" label="""" nodeImplementation=""Input"" reqd=""1"" type=""1"" value=""Aggregate""><node deleted=""no"" id=""1"" isNegative=""no"" isReference=""no"" isRegex=""no"" label=""Group"" nodeImplementation=""Input"" reqd=""1"" type=""26"" value=""""><node deleted=""no"" id=""1.1"" isNegative=""no"" isReference=""no"" isRegex=""no"" label="""" nodeImplementation=""Input"" qualifiedName=""com.Positive_Terms"" reqd=""1"" supertype=""uima.tt.DictionaryEntryAnnotation"" type=""6"" typeQualifier=""com."" value=""Positive_Terms""><node deleted=""no"" id=""1.1.1"" isNegative=""no"" isReference=""no"" isRegex=""no"" label=""Features"" nodeImplementation=""Input"" reqd=""1"" type=""9"" value=""""><node deleted=""no"" id=""1.1.1.1"" isNegative=""no"" isReference=""no"" isRegex=""no"" label=""Value"" nodeImplementation=""Input"" reqd=""0"" testOperator=""=~"" type=""3"" value=""[Edit Value]""/></node></node><node deleted=""no"" id=""1.2"" isNegative=""no"" isReference=""no"" isRegex=""no"" label="""" nodeImplementation=""Input"" qualifiedName=""com.Storage"" reqd=""1"" supertype=""uima.tt.DictionaryEntryAnnotation"" type=""6"" typeQualifier=""com."" value=""Storage""><node deleted=""no"" id=""1.2.1"" isNegative=""no"" isReference=""no"" isRegex=""no"" label=""Features"" nodeImplementation=""Input"" reqd=""1"" type=""9"" value=""""><node deleted=""no"" id=""1.2.1.1"" isNegative=""no"" isReference=""no"" isRegex=""no"" label=""Value"" nodeImplementation=""Input"" reqd=""0"" testOperator=""=~"" type=""3"" value=""[Edit Value]""/></node></node></node></node></node></treeModel>","<?xml version=""1.0"" encoding=""UTF-8""?><treeModel><node deleted=""no"" id="""" isNegative=""no"" isReference=""no"" isRegex=""no"" label=""Output"" nodeImplementation=""Output"" type=""4"" value=""Output""><node deleted=""no"" id=""New.1459535597113"" isNegative=""no"" isReference=""no"" isRegex=""no"" label=""1459535597113"" nodeImplementation=""Output"" qualifiedName=""com.positiveStorage"" supertype=""uima.tcas.Annotation"" type=""6"" typeQualifier=""com."" value=""positiveStorage""><node deleted=""no"" id="""" isNegative=""no"" isReference=""no"" isRegex=""no"" label=""Features"" nodeImplementation=""Output"" type=""9"" value=""""/><node deleted=""no"" id="""" isNegative=""no"" isReference=""no"" isRegex=""no"" label=""Subtree"" nodeImplementation=""Output"" type=""18"" typeQualifier=""com."" value=""""><node deleted=""no"" id=""1"" isNegative=""no"" isReference=""no"" isRegex=""no"" label=""Group"" nodeImplementation=""Output"" type=""26"" value=""""><node deleted=""no"" id=""1.1"" isNegative=""no"" isReference=""no"" isRegex=""no"" label="""" nodeImplementation=""Output"" qualifiedName=""com.Positive_Terms"" supertype=""uima.tt.DictionaryEntryAnnotation"" type=""6"" typeQualifier=""com."" value=""Positive_Terms""><node deleted=""no"" id=""1.1.1"" isNegative=""no"" isReference=""no"" isRegex=""no"" label=""Features"" nodeImplementation=""Output"" type=""9"" value=""""><node deleted=""no"" id=""1.1.1.1"" isNegative=""no"" isReference=""no"" isRegex=""no"" label=""Value"" nodeImplementation=""Output"" testOperator=""=~"" type=""3"" value=""[Edit Value]""/></node></node><node deleted=""no"" id=""1.2"" isNegative=""no"" isReference=""no"" isRegex=""no"" label="""" nodeImplementation=""Output"" qualifiedName=""com.Storage"" supertype=""uima.tt.DictionaryEntryAnnotation"" type=""6"" typeQualifier=""com."" value=""Storage""><node deleted=""no"" id=""1.2.1"" isNegative=""no"" isReference=""no"" isRegex=""no"" label=""Features"" nodeImplementation=""Output"" type=""9"" value=""""><node deleted=""no"" id=""1.2.1.1"" isNegative=""no"" isReference=""no"" isRegex=""no"" label=""Value"" nodeImplementation=""Output"" testOperator=""=~"" type=""3"" value=""[Edit Value]""/></node></node></node></node></node></node></treeModel>","( <E>/[Type_com_positiveStorage
. (
 Type_com_Positive__Terms[]
. Type_com_Storage[]
 )@
. <E>/]Type_com_positiveStorage[\ruleId=""62B934BC27A74404AC45A70562F87826""] )
. <E>/[$ruleid=""62B934BC27A74404AC45A70562F87826""]","<?xml version=""1.0"" encoding=""UTF-8""?><root><alltypes><type name=""com.positiveStorage""><supertype name=""uima.tcas.Annotation""/><allfeatures><feature featuretype=""uima.cas.String"" name=""ruleId""/></allfeatures><allpriorities><lowerpriority name=""com.Storage""/><lowerpriority name=""com.Positive_Terms""/></allpriorities></type></alltypes><allinputs><input name=""com.Storage""><supertype name=""uima.tt.DictionaryEntryAnnotation""/><allfeatures/></input><input name=""com.Positive_Terms""><supertype name=""uima.tt.DictionaryEntryAnnotation""/><allfeatures/></input></allinputs><allignoredtypes/><scope name=""Sentence""/><manuallyEdited>true</manuallyEdited><typemappings><mapping symbol=""Type_com_Positive__Terms"" typename=""com.Positive_Terms""/><mapping symbol=""Type_com_Storage"" typename=""com.Storage""/><mapping symbol=""Type_com_positiveStorage"" typename=""com.positiveStorage""/></typemappings></root>","",""
"N","Default","Aggregate","negativeStorage","[Group[Negative_Terms Storage]]","2016-04-01T14:34:20.996","2016-04-01T14:34:52.929","4040693BC2D34D6AA82ADBF1E746A337","2","1","Car Buying.annoconfig","","<?xml version=""1.0"" encoding=""UTF-8""?><treeModel><node deleted=""no"" id="""" isNegative=""no"" isReference=""no"" isRegex=""no"" label="""" nodeImplementation=""Input"" reqd=""1"" type=""0"" value=""Input""><node deleted=""no"" id="""" isNegative=""no"" isReference=""no"" isRegex=""no"" label="""" nodeImplementation=""Input"" reqd=""1"" type=""1"" value=""Aggregate""><node deleted=""no"" id=""1"" isNegative=""no"" isReference=""no"" isRegex=""no"" label=""Group"" nodeImplementation=""Input"" reqd=""1"" type=""26"" value=""""><node deleted=""no"" id=""1.1"" isNegative=""no"" isReference=""no"" isRegex=""no"" label="""" nodeImplementation=""Input"" qualifiedName=""com.Negative_Terms"" reqd=""1"" supertype=""uima.tt.DictionaryEntryAnnotation"" type=""6"" typeQualifier=""com."" value=""Negative_Terms""><node deleted=""no"" id=""1.1.1"" isNegative=""no"" isReference=""no"" isRegex=""no"" label=""Features"" nodeImplementation=""Input"" reqd=""1"" type=""9"" value=""""><node deleted=""no"" id=""1.1.1.1"" isNegative=""no"" isReference=""no"" isRegex=""no"" label=""Value"" nodeImplementation=""Input"" reqd=""0"" testOperator=""=~"" type=""3"" value=""[Edit Value]""/></node></node><node deleted=""no"" id=""1.2"" isNegative=""no"" isReference=""no"" isRegex=""no"" label="""" nodeImplementation=""Input"" qualifiedName=""com.Storage"" reqd=""1"" supertype=""uima.tt.DictionaryEntryAnnotation"" type=""6"" typeQualifier=""com."" value=""Storage""><node deleted=""no"" id=""1.2.1"" isNegative=""no"" isReference=""no"" isRegex=""no"" label=""Features"" nodeImplementation=""Input"" reqd=""1"" type=""9"" value=""""><node deleted=""no"" id=""1.2.1.1"" isNegative=""no"" isReference=""no"" isRegex=""no"" label=""Value"" nodeImplementation=""Input"" reqd=""0"" testOperator=""=~"" type=""3"" value=""[Edit Value]""/></node></node></node></node></node></treeModel>","<?xml version=""1.0"" encoding=""UTF-8""?><treeModel><node deleted=""no"" id="""" isNegative=""no"" isReference=""no"" isRegex=""no"" label=""Output"" nodeImplementation=""Output"" type=""4"" value=""Output""><node deleted=""no"" id=""New.1459535685223"" isNegative=""no"" isReference=""no"" isRegex=""no"" label=""1459535685223"" nodeImplementation=""Output"" qualifiedName=""com.negativeStorage"" supertype=""uima.tcas.Annotation"" type=""6"" typeQualifier=""com."" value=""negativeStorage""><node deleted=""no"" id="""" isNegative=""no"" isReference=""no"" isRegex=""no"" label=""Features"" nodeImplementation=""Output"" type=""9"" value=""""/><node deleted=""no"" id="""" isNegative=""no"" isReference=""no"" isRegex=""no"" label=""Subtree"" nodeImplementation=""Output"" type=""18"" typeQualifier=""com."" value=""""><node deleted=""no"" id=""1"" isNegative=""no"" isReference=""no"" isRegex=""no"" label=""Group"" nodeImplementation=""Output"" type=""26"" value=""""><node deleted=""no"" id=""1.1"" isNegative=""no"" isReference=""no"" isRegex=""no"" label="""" nodeImplementation=""Output"" qualifiedName=""com.Negative_Terms"" supertype=""uima.tt.DictionaryEntryAnnotation"" type=""6"" typeQualifier=""com."" value=""Negative_Terms""><node deleted=""no"" id=""1.1.1"" isNegative=""no"" isReference=""no"" isRegex=""no"" label=""Features"" nodeImplementation=""Output"" type=""9"" value=""""><node deleted=""no"" id=""1.1.1.1"" isNegative=""no"" isReference=""no"" isRegex=""no"" label=""Value"" nodeImplementation=""Output"" testOperator=""=~"" type=""3"" value=""[Edit Value]""/></node></node><node deleted=""no"" id=""1.2"" isNegative=""no"" isReference=""no"" isRegex=""no"" label="""" nodeImplementation=""Output"" qualifiedName=""com.Storage"" supertype=""uima.tt.DictionaryEntryAnnotation"" type=""6"" typeQualifier=""com."" value=""Storage""><node deleted=""no"" id=""1.2.1"" isNegative=""no"" isReference=""no"" isRegex=""no"" label=""Features"" nodeImplementation=""Output"" type=""9"" value=""""><node deleted=""no"" id=""1.2.1.1"" isNegative=""no"" isReference=""no"" isRegex=""no"" label=""Value"" nodeImplementation=""Output"" testOperator=""=~"" type=""3"" value=""[Edit Value]""/></node></node></node></node></node></node></treeModel>","( <E>/[Type_com_negativeStorage
. (
 Type_com_Negative__Terms[]
. Type_com_Storage[]
 )@
. <E>/]Type_com_negativeStorage[\ruleId=""4040693BC2D34D6AA82ADBF1E746A337""] )
. <E>/[$ruleid=""4040693BC2D34D6AA82ADBF1E746A337""]","<?xml version=""1.0"" encoding=""UTF-8""?><root><alltypes><type name=""com.negativeStorage""><supertype name=""uima.tcas.Annotation""/><allfeatures><feature featuretype=""uima.cas.String"" name=""ruleId""/></allfeatures><allpriorities><lowerpriority name=""com.Storage""/><lowerpriority name=""com.Negative_Terms""/></allpriorities></type></alltypes><allinputs><input name=""com.Storage""><supertype name=""uima.tt.DictionaryEntryAnnotation""/><allfeatures/></input><input name=""com.Negative_Terms""><supertype name=""uima.tt.DictionaryEntryAnnotation""/><allfeatures/></input></allinputs><allignoredtypes/><scope name=""Sentence""/><manuallyEdited>true</manuallyEdited><typemappings><mapping symbol=""Type_com_negativeStorage"" typename=""com.negativeStorage""/><mapping symbol=""Type_com_Storage"" typename=""com.Storage""/><mapping symbol=""Type_com_Negative__Terms"" typename=""com.Negative_Terms""/></typemappings></root>","",""
