"DELETED","RULESET","RULETYPE","LABEL","ORIGINALTEXT","DATECREATED","DATEMODIFIED","RULEID","CASCADELEVEL","RULENUM","SOURCEDOC","SURROUNDINGTEXT","INPUTMODEL","OUTPUTMODEL","AFSTRULE","TYPELIST","SHORTDESC","AUTHOR"
"N","Default","Aggregate","positiveSound","[Group[Positive_Terms Sound]]","2016-04-01T14:51:31.757","2016-04-01T14:52:49.976","2536F3CAE14745D590C66D59CB1845EB","2","1","Car Buying.annoconfig","","<?xml version=""1.0"" encoding=""UTF-8""?><treeModel><node deleted=""no"" id="""" isNegative=""no"" isReference=""no"" isRegex=""no"" label="""" nodeImplementation=""Input"" reqd=""1"" type=""0"" value=""Input""><node deleted=""no"" id="""" isNegative=""no"" isReference=""no"" isRegex=""no"" label="""" nodeImplementation=""Input"" reqd=""1"" type=""1"" value=""Aggregate""><node deleted=""no"" id=""1"" isNegative=""no"" isReference=""no"" isRegex=""no"" label=""Group"" nodeImplementation=""Input"" reqd=""1"" type=""26"" value=""""><node deleted=""no"" id=""1.1"" isNegative=""no"" isReference=""no"" isRegex=""no"" label="""" nodeImplementation=""Input"" qualifiedName=""com.Positive_Terms"" reqd=""1"" supertype=""uima.tt.DictionaryEntryAnnotation"" type=""6"" typeQualifier=""com."" value=""Positive_Terms""><node deleted=""no"" id=""1.1.1"" isNegative=""no"" isReference=""no"" isRegex=""no"" label=""Features"" nodeImplementation=""Input"" reqd=""1"" type=""9"" value=""""><node deleted=""no"" id=""1.1.1.1"" isNegative=""no"" isReference=""no"" isRegex=""no"" label=""Value"" nodeImplementation=""Input"" reqd=""0"" testOperator=""=~"" type=""3"" value=""[Edit Value]""/></node></node><node deleted=""no"" id=""1.2"" isNegative=""no"" isReference=""no"" isRegex=""no"" label="""" nodeImplementation=""Input"" qualifiedName=""com.Sound"" reqd=""1"" supertype=""uima.tt.DictionaryEntryAnnotation"" type=""6"" typeQualifier=""com."" value=""Sound""><node deleted=""no"" id=""1.2.1"" isNegative=""no"" isReference=""no"" isRegex=""no"" label=""Features"" nodeImplementation=""Input"" reqd=""1"" type=""9"" value=""""><node deleted=""no"" id=""1.2.1.1"" isNegative=""no"" isReference=""no"" isRegex=""no"" label=""Value"" nodeImplementation=""Input"" reqd=""0"" testOperator=""=~"" type=""3"" value=""[Edit Value]""/></node></node></node></node></node></treeModel>","<?xml version=""1.0"" encoding=""UTF-8""?><treeModel><node deleted=""no"" id="""" isNegative=""no"" isReference=""no"" isRegex=""no"" label=""Output"" nodeImplementation=""Output"" type=""4"" value=""Output""><node deleted=""no"" id=""New.1459536764453"" isNegative=""no"" isReference=""no"" isRegex=""no"" label=""1459536764453"" nodeImplementation=""Output"" qualifiedName=""com.positiveSound"" supertype=""uima.tcas.Annotation"" type=""6"" typeQualifier=""com."" value=""positiveSound""><node deleted=""no"" id="""" isNegative=""no"" isReference=""no"" isRegex=""no"" label=""Features"" nodeImplementation=""Output"" type=""9"" value=""""/><node deleted=""no"" id="""" isNegative=""no"" isReference=""no"" isRegex=""no"" label=""Subtree"" nodeImplementation=""Output"" type=""18"" typeQualifier=""com."" value=""""><node deleted=""no"" id=""1"" isNegative=""no"" isReference=""no"" isRegex=""no"" label=""Group"" nodeImplementation=""Output"" type=""26"" value=""""><node deleted=""no"" id=""1.1"" isNegative=""no"" isReference=""no"" isRegex=""no"" label="""" nodeImplementation=""Output"" qualifiedName=""com.Positive_Terms"" supertype=""uima.tt.DictionaryEntryAnnotation"" type=""6"" typeQualifier=""com."" value=""Positive_Terms""><node deleted=""no"" id=""1.1.1"" isNegative=""no"" isReference=""no"" isRegex=""no"" label=""Features"" nodeImplementation=""Output"" type=""9"" value=""""><node deleted=""no"" id=""1.1.1.1"" isNegative=""no"" isReference=""no"" isRegex=""no"" label=""Value"" nodeImplementation=""Output"" testOperator=""=~"" type=""3"" value=""[Edit Value]""/></node></node><node deleted=""no"" id=""1.2"" isNegative=""no"" isReference=""no"" isRegex=""no"" label="""" nodeImplementation=""Output"" qualifiedName=""com.Sound"" supertype=""uima.tt.DictionaryEntryAnnotation"" type=""6"" typeQualifier=""com."" value=""Sound""><node deleted=""no"" id=""1.2.1"" isNegative=""no"" isReference=""no"" isRegex=""no"" label=""Features"" nodeImplementation=""Output"" type=""9"" value=""""><node deleted=""no"" id=""1.2.1.1"" isNegative=""no"" isReference=""no"" isRegex=""no"" label=""Value"" nodeImplementation=""Output"" testOperator=""=~"" type=""3"" value=""[Edit Value]""/></node></node></node></node></node></node></treeModel>","( <E>/[Type_com_positiveSound
. (
 Type_com_Positive__Terms[]
. Type_com_Sound[]
 )@
. <E>/]Type_com_positiveSound[\ruleId=""2536F3CAE14745D590C66D59CB1845EB""] )
. <E>/[$ruleid=""2536F3CAE14745D590C66D59CB1845EB""]","<?xml version=""1.0"" encoding=""UTF-8""?><root><alltypes><type name=""com.positiveSound""><supertype name=""uima.tcas.Annotation""/><allfeatures><feature featuretype=""uima.cas.String"" name=""ruleId""/></allfeatures><allpriorities><lowerpriority name=""com.Positive_Terms""/><lowerpriority name=""com.Sound""/></allpriorities></type></alltypes><allinputs><input name=""com.Positive_Terms""><supertype name=""uima.tt.DictionaryEntryAnnotation""/><allfeatures/></input><input name=""com.Sound""><supertype name=""uima.tt.DictionaryEntryAnnotation""/><allfeatures/></input></allinputs><allignoredtypes/><scope name=""Sentence""/><manuallyEdited>true</manuallyEdited><typemappings><mapping symbol=""Type_com_positiveSound"" typename=""com.positiveSound""/><mapping symbol=""Type_com_Positive__Terms"" typename=""com.Positive_Terms""/><mapping symbol=""Type_com_Sound"" typename=""com.Sound""/></typemappings></root>","",""
"N","Default","Aggregate","negativeSound","[Group[Negative_Terms Sound]]","2016-04-01T14:52:57.963","2016-04-01T14:53:28.009","F34F7078D2094FF2875CF3BE371372CD","2","1","Car Buying.annoconfig","","<?xml version=""1.0"" encoding=""UTF-8""?><treeModel><node deleted=""no"" id="""" isNegative=""no"" isReference=""no"" isRegex=""no"" label="""" nodeImplementation=""Input"" reqd=""1"" type=""0"" value=""Input""><node deleted=""no"" id="""" isNegative=""no"" isReference=""no"" isRegex=""no"" label="""" nodeImplementation=""Input"" reqd=""1"" type=""1"" value=""Aggregate""><node deleted=""no"" id=""1"" isNegative=""no"" isReference=""no"" isRegex=""no"" label=""Group"" nodeImplementation=""Input"" reqd=""1"" type=""26"" value=""""><node deleted=""no"" id=""1.1"" isNegative=""no"" isReference=""no"" isRegex=""no"" label="""" nodeImplementation=""Input"" qualifiedName=""com.Negative_Terms"" reqd=""1"" supertype=""uima.tt.DictionaryEntryAnnotation"" type=""6"" typeQualifier=""com."" value=""Negative_Terms""><node deleted=""no"" id=""1.1.1"" isNegative=""no"" isReference=""no"" isRegex=""no"" label=""Features"" nodeImplementation=""Input"" reqd=""1"" type=""9"" value=""""><node deleted=""no"" id=""1.1.1.1"" isNegative=""no"" isReference=""no"" isRegex=""no"" label=""Value"" nodeImplementation=""Input"" reqd=""0"" testOperator=""=~"" type=""3"" value=""[Edit Value]""/></node></node><node deleted=""no"" id=""1.2"" isNegative=""no"" isReference=""no"" isRegex=""no"" label="""" nodeImplementation=""Input"" qualifiedName=""com.Sound"" reqd=""1"" supertype=""uima.tt.DictionaryEntryAnnotation"" type=""6"" typeQualifier=""com."" value=""Sound""><node deleted=""no"" id=""1.2.1"" isNegative=""no"" isReference=""no"" isRegex=""no"" label=""Features"" nodeImplementation=""Input"" reqd=""1"" type=""9"" value=""""><node deleted=""no"" id=""1.2.1.1"" isNegative=""no"" isReference=""no"" isRegex=""no"" label=""Value"" nodeImplementation=""Input"" reqd=""0"" testOperator=""=~"" type=""3"" value=""[Edit Value]""/></node></node></node></node></node></treeModel>","<?xml version=""1.0"" encoding=""UTF-8""?><treeModel><node deleted=""no"" id="""" isNegative=""no"" isReference=""no"" isRegex=""no"" label=""Output"" nodeImplementation=""Output"" type=""4"" value=""Output""><node deleted=""no"" id=""New.1459536802923"" isNegative=""no"" isReference=""no"" isRegex=""no"" label=""1459536802923"" nodeImplementation=""Output"" qualifiedName=""com.negativeSound"" supertype=""uima.tcas.Annotation"" type=""6"" typeQualifier=""com."" value=""negativeSound""><node deleted=""no"" id="""" isNegative=""no"" isReference=""no"" isRegex=""no"" label=""Features"" nodeImplementation=""Output"" type=""9"" value=""""/><node deleted=""no"" id="""" isNegative=""no"" isReference=""no"" isRegex=""no"" label=""Subtree"" nodeImplementation=""Output"" type=""18"" typeQualifier=""com."" value=""""><node deleted=""no"" id=""1"" isNegative=""no"" isReference=""no"" isRegex=""no"" label=""Group"" nodeImplementation=""Output"" type=""26"" value=""""><node deleted=""no"" id=""1.1"" isNegative=""no"" isReference=""no"" isRegex=""no"" label="""" nodeImplementation=""Output"" qualifiedName=""com.Negative_Terms"" supertype=""uima.tt.DictionaryEntryAnnotation"" type=""6"" typeQualifier=""com."" value=""Negative_Terms""><node deleted=""no"" id=""1.1.1"" isNegative=""no"" isReference=""no"" isRegex=""no"" label=""Features"" nodeImplementation=""Output"" type=""9"" value=""""><node deleted=""no"" id=""1.1.1.1"" isNegative=""no"" isReference=""no"" isRegex=""no"" label=""Value"" nodeImplementation=""Output"" testOperator=""=~"" type=""3"" value=""[Edit Value]""/></node></node><node deleted=""no"" id=""1.2"" isNegative=""no"" isReference=""no"" isRegex=""no"" label="""" nodeImplementation=""Output"" qualifiedName=""com.Sound"" supertype=""uima.tt.DictionaryEntryAnnotation"" type=""6"" typeQualifier=""com."" value=""Sound""><node deleted=""no"" id=""1.2.1"" isNegative=""no"" isReference=""no"" isRegex=""no"" label=""Features"" nodeImplementation=""Output"" type=""9"" value=""""><node deleted=""no"" id=""1.2.1.1"" isNegative=""no"" isReference=""no"" isRegex=""no"" label=""Value"" nodeImplementation=""Output"" testOperator=""=~"" type=""3"" value=""[Edit Value]""/></node></node></node></node></node></node></treeModel>","( <E>/[Type_com_negativeSound
. (
 Type_com_Negative__Terms[]
. Type_com_Sound[]
 )@
. <E>/]Type_com_negativeSound[\ruleId=""F34F7078D2094FF2875CF3BE371372CD""] )
. <E>/[$ruleid=""F34F7078D2094FF2875CF3BE371372CD""]","<?xml version=""1.0"" encoding=""UTF-8""?><root><alltypes><type name=""com.negativeSound""><supertype name=""uima.tcas.Annotation""/><allfeatures><feature featuretype=""uima.cas.String"" name=""ruleId""/></allfeatures><allpriorities><lowerpriority name=""com.Sound""/><lowerpriority name=""com.Negative_Terms""/></allpriorities></type></alltypes><allinputs><input name=""com.Sound""><supertype name=""uima.tt.DictionaryEntryAnnotation""/><allfeatures/></input><input name=""com.Negative_Terms""><supertype name=""uima.tt.DictionaryEntryAnnotation""/><allfeatures/></input></allinputs><allignoredtypes/><scope name=""Sentence""/><manuallyEdited>true</manuallyEdited><typemappings><mapping symbol=""Type_com_negativeSound"" typename=""com.negativeSound""/><mapping symbol=""Type_com_Sound"" typename=""com.Sound""/><mapping symbol=""Type_com_Negative__Terms"" typename=""com.Negative_Terms""/></typemappings></root>","",""
