"DELETED","RULESET","RULETYPE","LABEL","ORIGINALTEXT","DATECREATED","DATEMODIFIED","RULEID","CASCADELEVEL","RULENUM","SOURCEDOC","SURROUNDINGTEXT","INPUTMODEL","OUTPUTMODEL","AFSTRULE","TYPELIST","SHORTDESC","AUTHOR"
"N","Default","Aggregate","positiveFamily","[Group[Family Positive_Terms]]","2016-04-01T14:38:46.623","2016-04-01T14:39:26.185","2E207495410B4955AEFE88906DF4A378","2","1","Car Buying.annoconfig","","<?xml version=""1.0"" encoding=""UTF-8""?><treeModel><node deleted=""no"" id="""" isNegative=""no"" isReference=""no"" isRegex=""no"" label="""" nodeImplementation=""Input"" reqd=""1"" type=""0"" value=""Input""><node deleted=""no"" id="""" isNegative=""no"" isReference=""no"" isRegex=""no"" label="""" nodeImplementation=""Input"" reqd=""1"" type=""1"" value=""Aggregate""><node deleted=""no"" id=""1"" isNegative=""no"" isReference=""no"" isRegex=""no"" label=""Group"" nodeImplementation=""Input"" reqd=""1"" type=""26"" value=""""><node deleted=""no"" id=""1.1"" isNegative=""no"" isReference=""no"" isRegex=""no"" label="""" nodeImplementation=""Input"" qualifiedName=""com.Family"" reqd=""1"" supertype=""uima.tt.DictionaryEntryAnnotation"" type=""6"" typeQualifier=""com."" value=""Family""><node deleted=""no"" id=""1.1.1"" isNegative=""no"" isReference=""no"" isRegex=""no"" label=""Features"" nodeImplementation=""Input"" reqd=""1"" type=""9"" value=""""><node deleted=""no"" id=""1.1.1.1"" isNegative=""no"" isReference=""no"" isRegex=""no"" label=""Value"" nodeImplementation=""Input"" reqd=""0"" testOperator=""=~"" type=""3"" value=""[Edit Value]""/></node></node><node deleted=""no"" id=""1.2"" isNegative=""no"" isReference=""no"" isRegex=""no"" label="""" nodeImplementation=""Input"" qualifiedName=""com.Positive_Terms"" reqd=""1"" supertype=""uima.tt.DictionaryEntryAnnotation"" type=""6"" typeQualifier=""com."" value=""Positive_Terms""><node deleted=""no"" id=""1.2.1"" isNegative=""no"" isReference=""no"" isRegex=""no"" label=""Features"" nodeImplementation=""Input"" reqd=""1"" type=""9"" value=""""><node deleted=""no"" id=""1.2.1.1"" isNegative=""no"" isReference=""no"" isRegex=""no"" label=""Value"" nodeImplementation=""Input"" reqd=""0"" testOperator=""=~"" type=""3"" value=""[Edit Value]""/></node></node></node></node></node></treeModel>","<?xml version=""1.0"" encoding=""UTF-8""?><treeModel><node deleted=""no"" id="""" isNegative=""no"" isReference=""no"" isRegex=""no"" label=""Output"" nodeImplementation=""Output"" type=""4"" value=""Output""><node deleted=""no"" id=""New.1459535959227"" isNegative=""no"" isReference=""no"" isRegex=""no"" label=""1459535959227"" nodeImplementation=""Output"" qualifiedName=""com.positiveFamily"" supertype=""uima.tcas.Annotation"" type=""6"" typeQualifier=""com."" value=""positiveFamily""><node deleted=""no"" id="""" isNegative=""no"" isReference=""no"" isRegex=""no"" label=""Features"" nodeImplementation=""Output"" type=""9"" value=""""/><node deleted=""no"" id="""" isNegative=""no"" isReference=""no"" isRegex=""no"" label=""Subtree"" nodeImplementation=""Output"" type=""18"" typeQualifier=""com."" value=""""><node deleted=""no"" id=""1"" isNegative=""no"" isReference=""no"" isRegex=""no"" label=""Group"" nodeImplementation=""Output"" type=""26"" value=""""><node deleted=""no"" id=""1.1"" isNegative=""no"" isReference=""no"" isRegex=""no"" label="""" nodeImplementation=""Output"" qualifiedName=""com.Family"" supertype=""uima.tt.DictionaryEntryAnnotation"" type=""6"" typeQualifier=""com."" value=""Family""><node deleted=""no"" id=""1.1.1"" isNegative=""no"" isReference=""no"" isRegex=""no"" label=""Features"" nodeImplementation=""Output"" type=""9"" value=""""><node deleted=""no"" id=""1.1.1.1"" isNegative=""no"" isReference=""no"" isRegex=""no"" label=""Value"" nodeImplementation=""Output"" testOperator=""=~"" type=""3"" value=""[Edit Value]""/></node></node><node deleted=""no"" id=""1.2"" isNegative=""no"" isReference=""no"" isRegex=""no"" label="""" nodeImplementation=""Output"" qualifiedName=""com.Positive_Terms"" supertype=""uima.tt.DictionaryEntryAnnotation"" type=""6"" typeQualifier=""com."" value=""Positive_Terms""><node deleted=""no"" id=""1.2.1"" isNegative=""no"" isReference=""no"" isRegex=""no"" label=""Features"" nodeImplementation=""Output"" type=""9"" value=""""><node deleted=""no"" id=""1.2.1.1"" isNegative=""no"" isReference=""no"" isRegex=""no"" label=""Value"" nodeImplementation=""Output"" testOperator=""=~"" type=""3"" value=""[Edit Value]""/></node></node></node></node></node></node></treeModel>","( <E>/[Type_com_positiveFamily
. (
 Type_com_Family[]
. Type_com_Positive__Terms[]
 )@
. <E>/]Type_com_positiveFamily[\ruleId=""2E207495410B4955AEFE88906DF4A378""] )
. <E>/[$ruleid=""2E207495410B4955AEFE88906DF4A378""]","<?xml version=""1.0"" encoding=""UTF-8""?><root><alltypes><type name=""com.positiveFamily""><supertype name=""uima.tcas.Annotation""/><allfeatures><feature featuretype=""uima.cas.String"" name=""ruleId""/></allfeatures><allpriorities><lowerpriority name=""com.Positive_Terms""/><lowerpriority name=""com.Family""/></allpriorities></type></alltypes><allinputs><input name=""com.Positive_Terms""><supertype name=""uima.tt.DictionaryEntryAnnotation""/><allfeatures/></input><input name=""com.Family""><supertype name=""uima.tt.DictionaryEntryAnnotation""/><allfeatures/></input></allinputs><allignoredtypes/><scope name=""Sentence""/><manuallyEdited>true</manuallyEdited><typemappings><mapping symbol=""Type_com_Positive__Terms"" typename=""com.Positive_Terms""/><mapping symbol=""Type_com_positiveFamily"" typename=""com.positiveFamily""/><mapping symbol=""Type_com_Family"" typename=""com.Family""/></typemappings></root>","",""
"N","Default","Aggregate","negativeFamily","[Group[Negative_Terms Family]]","2016-04-01T14:39:37.822","2016-04-01T14:40:00.895","0C1C4B14C2C34CE9B01BCE6F8BBE9CE7","2","1","Car Buying.annoconfig","","<?xml version=""1.0"" encoding=""UTF-8""?><treeModel><node deleted=""no"" id="""" isNegative=""no"" isReference=""no"" isRegex=""no"" label="""" nodeImplementation=""Input"" reqd=""1"" type=""0"" value=""Input""><node deleted=""no"" id="""" isNegative=""no"" isReference=""no"" isRegex=""no"" label="""" nodeImplementation=""Input"" reqd=""1"" type=""1"" value=""Aggregate""><node deleted=""no"" id=""1"" isNegative=""no"" isReference=""no"" isRegex=""no"" label=""Group"" nodeImplementation=""Input"" reqd=""1"" type=""26"" value=""""><node deleted=""no"" id=""1.1"" isNegative=""no"" isReference=""no"" isRegex=""no"" label="""" nodeImplementation=""Input"" qualifiedName=""com.Negative_Terms"" reqd=""1"" supertype=""uima.tt.DictionaryEntryAnnotation"" type=""6"" typeQualifier=""com."" value=""Negative_Terms""><node deleted=""no"" id=""1.1.1"" isNegative=""no"" isReference=""no"" isRegex=""no"" label=""Features"" nodeImplementation=""Input"" reqd=""1"" type=""9"" value=""""><node deleted=""no"" id=""1.1.1.1"" isNegative=""no"" isReference=""no"" isRegex=""no"" label=""Value"" nodeImplementation=""Input"" reqd=""0"" testOperator=""=~"" type=""3"" value=""[Edit Value]""/></node></node><node deleted=""no"" id=""1.2"" isNegative=""no"" isReference=""no"" isRegex=""no"" label="""" nodeImplementation=""Input"" qualifiedName=""com.Family"" reqd=""1"" supertype=""uima.tt.DictionaryEntryAnnotation"" type=""6"" typeQualifier=""com."" value=""Family""><node deleted=""no"" id=""1.2.1"" isNegative=""no"" isReference=""no"" isRegex=""no"" label=""Features"" nodeImplementation=""Input"" reqd=""1"" type=""9"" value=""""><node deleted=""no"" id=""1.2.1.1"" isNegative=""no"" isReference=""no"" isRegex=""no"" label=""Value"" nodeImplementation=""Input"" reqd=""0"" testOperator=""=~"" type=""3"" value=""[Edit Value]""/></node></node></node></node></node></treeModel>","<?xml version=""1.0"" encoding=""UTF-8""?><treeModel><node deleted=""no"" id="""" isNegative=""no"" isReference=""no"" isRegex=""no"" label=""Output"" nodeImplementation=""Output"" type=""4"" value=""Output""><node deleted=""no"" id=""New.1459535994499"" isNegative=""no"" isReference=""no"" isRegex=""no"" label=""1459535994499"" nodeImplementation=""Output"" qualifiedName=""com.negativeFamily"" supertype=""uima.tcas.Annotation"" type=""6"" typeQualifier=""com."" value=""negativeFamily""><node deleted=""no"" id="""" isNegative=""no"" isReference=""no"" isRegex=""no"" label=""Features"" nodeImplementation=""Output"" type=""9"" value=""""/><node deleted=""no"" id="""" isNegative=""no"" isReference=""no"" isRegex=""no"" label=""Subtree"" nodeImplementation=""Output"" type=""18"" typeQualifier=""com."" value=""""><node deleted=""no"" id=""1"" isNegative=""no"" isReference=""no"" isRegex=""no"" label=""Group"" nodeImplementation=""Output"" type=""26"" value=""""><node deleted=""no"" id=""1.1"" isNegative=""no"" isReference=""no"" isRegex=""no"" label="""" nodeImplementation=""Output"" qualifiedName=""com.Negative_Terms"" supertype=""uima.tt.DictionaryEntryAnnotation"" type=""6"" typeQualifier=""com."" value=""Negative_Terms""><node deleted=""no"" id=""1.1.1"" isNegative=""no"" isReference=""no"" isRegex=""no"" label=""Features"" nodeImplementation=""Output"" type=""9"" value=""""><node deleted=""no"" id=""1.1.1.1"" isNegative=""no"" isReference=""no"" isRegex=""no"" label=""Value"" nodeImplementation=""Output"" testOperator=""=~"" type=""3"" value=""[Edit Value]""/></node></node><node deleted=""no"" id=""1.2"" isNegative=""no"" isReference=""no"" isRegex=""no"" label="""" nodeImplementation=""Output"" qualifiedName=""com.Family"" supertype=""uima.tt.DictionaryEntryAnnotation"" type=""6"" typeQualifier=""com."" value=""Family""><node deleted=""no"" id=""1.2.1"" isNegative=""no"" isReference=""no"" isRegex=""no"" label=""Features"" nodeImplementation=""Output"" type=""9"" value=""""><node deleted=""no"" id=""1.2.1.1"" isNegative=""no"" isReference=""no"" isRegex=""no"" label=""Value"" nodeImplementation=""Output"" testOperator=""=~"" type=""3"" value=""[Edit Value]""/></node></node></node></node></node></node></treeModel>","( <E>/[Type_com_negativeFamily
. (
 Type_com_Negative__Terms[]
. Type_com_Family[]
 )@
. <E>/]Type_com_negativeFamily[\ruleId=""0C1C4B14C2C34CE9B01BCE6F8BBE9CE7""] )
. <E>/[$ruleid=""0C1C4B14C2C34CE9B01BCE6F8BBE9CE7""]","<?xml version=""1.0"" encoding=""UTF-8""?><root><alltypes><type name=""com.negativeFamily""><supertype name=""uima.tcas.Annotation""/><allfeatures><feature featuretype=""uima.cas.String"" name=""ruleId""/></allfeatures><allpriorities><lowerpriority name=""com.Negative_Terms""/><lowerpriority name=""com.Family""/></allpriorities></type></alltypes><allinputs><input name=""com.Negative_Terms""><supertype name=""uima.tt.DictionaryEntryAnnotation""/><allfeatures/></input><input name=""com.Family""><supertype name=""uima.tt.DictionaryEntryAnnotation""/><allfeatures/></input></allinputs><allignoredtypes/><scope name=""Sentence""/><manuallyEdited>true</manuallyEdited><typemappings><mapping symbol=""Type_com_negativeFamily"" typename=""com.negativeFamily""/><mapping symbol=""Type_com_Negative__Terms"" typename=""com.Negative_Terms""/><mapping symbol=""Type_com_Family"" typename=""com.Family""/></typemappings></root>","",""
