"DELETED","RULESET","RULETYPE","LABEL","ORIGINALTEXT","DATECREATED","DATEMODIFIED","RULEID","CASCADELEVEL","RULENUM","SOURCEDOC","SURROUNDINGTEXT","INPUTMODEL","OUTPUTMODEL","AFSTRULE","TYPELIST","SHORTDESC","AUTHOR"
"N","Default","Aggregate","positivePower","[Group[Power Positive_Terms]]","2016-04-01T15:08:34.258","2016-04-01T15:09:08.143","8FB8B2AAEA834999B38D15BFA02369B6","2","1","Car Buying.annoconfig","","<?xml version=""1.0"" encoding=""UTF-8""?><treeModel><node deleted=""no"" id="""" isNegative=""no"" isReference=""no"" isRegex=""no"" label="""" nodeImplementation=""Input"" reqd=""1"" type=""0"" value=""Input""><node deleted=""no"" id="""" isNegative=""no"" isReference=""no"" isRegex=""no"" label="""" nodeImplementation=""Input"" reqd=""1"" type=""1"" value=""Aggregate""><node deleted=""no"" id=""1"" isNegative=""no"" isReference=""no"" isRegex=""no"" label=""Group"" nodeImplementation=""Input"" reqd=""1"" type=""26"" value=""""><node deleted=""no"" id=""1.1"" isNegative=""no"" isReference=""no"" isRegex=""no"" label="""" nodeImplementation=""Input"" qualifiedName=""com.Power"" reqd=""1"" supertype=""uima.tt.DictionaryEntryAnnotation"" type=""6"" typeQualifier=""com."" value=""Power""><node deleted=""no"" id=""1.1.1"" isNegative=""no"" isReference=""no"" isRegex=""no"" label=""Features"" nodeImplementation=""Input"" reqd=""1"" type=""9"" value=""""><node deleted=""no"" id=""1.1.1.1"" isNegative=""no"" isReference=""no"" isRegex=""no"" label=""Value"" nodeImplementation=""Input"" reqd=""0"" testOperator=""=~"" type=""3"" value=""[Edit Value]""/></node></node><node deleted=""no"" id=""1.2"" isNegative=""no"" isReference=""no"" isRegex=""no"" label="""" nodeImplementation=""Input"" qualifiedName=""com.Positive_Terms"" reqd=""1"" supertype=""uima.tt.DictionaryEntryAnnotation"" type=""6"" typeQualifier=""com."" value=""Positive_Terms""><node deleted=""no"" id=""1.2.1"" isNegative=""no"" isReference=""no"" isRegex=""no"" label=""Features"" nodeImplementation=""Input"" reqd=""1"" type=""9"" value=""""><node deleted=""no"" id=""1.2.1.1"" isNegative=""no"" isReference=""no"" isRegex=""no"" label=""Value"" nodeImplementation=""Input"" reqd=""0"" testOperator=""=~"" type=""3"" value=""[Edit Value]""/></node></node></node></node></node></treeModel>","<?xml version=""1.0"" encoding=""UTF-8""?><treeModel><node deleted=""no"" id="""" isNegative=""no"" isReference=""no"" isRegex=""no"" label=""Output"" nodeImplementation=""Output"" type=""4"" value=""Output""><node deleted=""no"" id=""New.1459537740717"" isNegative=""no"" isReference=""no"" isRegex=""no"" label=""1459537740717"" nodeImplementation=""Output"" qualifiedName=""com.positivePower"" supertype=""uima.tcas.Annotation"" type=""6"" typeQualifier=""com."" value=""positivePower""><node deleted=""no"" id="""" isNegative=""no"" isReference=""no"" isRegex=""no"" label=""Features"" nodeImplementation=""Output"" type=""9"" value=""""/><node deleted=""no"" id="""" isNegative=""no"" isReference=""no"" isRegex=""no"" label=""Subtree"" nodeImplementation=""Output"" type=""18"" typeQualifier=""com."" value=""""><node deleted=""no"" id=""1"" isNegative=""no"" isReference=""no"" isRegex=""no"" label=""Group"" nodeImplementation=""Output"" type=""26"" value=""""><node deleted=""no"" id=""1.1"" isNegative=""no"" isReference=""no"" isRegex=""no"" label="""" nodeImplementation=""Output"" qualifiedName=""com.Power"" supertype=""uima.tt.DictionaryEntryAnnotation"" type=""6"" typeQualifier=""com."" value=""Power""><node deleted=""no"" id=""1.1.1"" isNegative=""no"" isReference=""no"" isRegex=""no"" label=""Features"" nodeImplementation=""Output"" type=""9"" value=""""><node deleted=""no"" id=""1.1.1.1"" isNegative=""no"" isReference=""no"" isRegex=""no"" label=""Value"" nodeImplementation=""Output"" testOperator=""=~"" type=""3"" value=""[Edit Value]""/></node></node><node deleted=""no"" id=""1.2"" isNegative=""no"" isReference=""no"" isRegex=""no"" label="""" nodeImplementation=""Output"" qualifiedName=""com.Positive_Terms"" supertype=""uima.tt.DictionaryEntryAnnotation"" type=""6"" typeQualifier=""com."" value=""Positive_Terms""><node deleted=""no"" id=""1.2.1"" isNegative=""no"" isReference=""no"" isRegex=""no"" label=""Features"" nodeImplementation=""Output"" type=""9"" value=""""><node deleted=""no"" id=""1.2.1.1"" isNegative=""no"" isReference=""no"" isRegex=""no"" label=""Value"" nodeImplementation=""Output"" testOperator=""=~"" type=""3"" value=""[Edit Value]""/></node></node></node></node></node></node></treeModel>","( <E>/[Type_com_positivePower
. (
 Type_com_Power[]
. Type_com_Positive__Terms[]
 )@
. <E>/]Type_com_positivePower[\ruleId=""8FB8B2AAEA834999B38D15BFA02369B6""] )
. <E>/[$ruleid=""8FB8B2AAEA834999B38D15BFA02369B6""]","<?xml version=""1.0"" encoding=""UTF-8""?><root><alltypes><type name=""com.positivePower""><supertype name=""uima.tcas.Annotation""/><allfeatures><feature featuretype=""uima.cas.String"" name=""ruleId""/></allfeatures><allpriorities><lowerpriority name=""com.Power""/><lowerpriority name=""com.Positive_Terms""/></allpriorities></type></alltypes><allinputs><input name=""com.Power""><supertype name=""uima.tt.DictionaryEntryAnnotation""/><allfeatures/></input><input name=""com.Positive_Terms""><supertype name=""uima.tt.DictionaryEntryAnnotation""/><allfeatures/></input></allinputs><allignoredtypes/><scope name=""Sentence""/><manuallyEdited>true</manuallyEdited><typemappings><mapping symbol=""Type_com_Power"" typename=""com.Power""/><mapping symbol=""Type_com_Positive__Terms"" typename=""com.Positive_Terms""/><mapping symbol=""Type_com_positivePower"" typename=""com.positivePower""/></typemappings></root>","",""
"N","Default","Aggregate","negativePower","[Group[Negative_Terms Power]]","2016-04-01T15:09:18.751","2016-04-01T15:09:45.442","1EE6CFB1A27D4ABCB4533D474C232DF3","2","1","Car Buying.annoconfig","","<?xml version=""1.0"" encoding=""UTF-8""?><treeModel><node deleted=""no"" id="""" isNegative=""no"" isReference=""no"" isRegex=""no"" label="""" nodeImplementation=""Input"" reqd=""1"" type=""0"" value=""Input""><node deleted=""no"" id="""" isNegative=""no"" isReference=""no"" isRegex=""no"" label="""" nodeImplementation=""Input"" reqd=""1"" type=""1"" value=""Aggregate""><node deleted=""no"" id=""1"" isNegative=""no"" isReference=""no"" isRegex=""no"" label=""Group"" nodeImplementation=""Input"" reqd=""1"" type=""26"" value=""""><node deleted=""no"" id=""1.1"" isNegative=""no"" isReference=""no"" isRegex=""no"" label="""" nodeImplementation=""Input"" qualifiedName=""com.Negative_Terms"" reqd=""1"" supertype=""uima.tt.DictionaryEntryAnnotation"" type=""6"" typeQualifier=""com."" value=""Negative_Terms""><node deleted=""no"" id=""1.1.1"" isNegative=""no"" isReference=""no"" isRegex=""no"" label=""Features"" nodeImplementation=""Input"" reqd=""1"" type=""9"" value=""""><node deleted=""no"" id=""1.1.1.1"" isNegative=""no"" isReference=""no"" isRegex=""no"" label=""Value"" nodeImplementation=""Input"" reqd=""0"" testOperator=""=~"" type=""3"" value=""[Edit Value]""/></node></node><node deleted=""no"" id=""1.2"" isNegative=""no"" isReference=""no"" isRegex=""no"" label="""" nodeImplementation=""Input"" qualifiedName=""com.Power"" reqd=""1"" supertype=""uima.tt.DictionaryEntryAnnotation"" type=""6"" typeQualifier=""com."" value=""Power""><node deleted=""no"" id=""1.2.1"" isNegative=""no"" isReference=""no"" isRegex=""no"" label=""Features"" nodeImplementation=""Input"" reqd=""1"" type=""9"" value=""""><node deleted=""no"" id=""1.2.1.1"" isNegative=""no"" isReference=""no"" isRegex=""no"" label=""Value"" nodeImplementation=""Input"" reqd=""0"" testOperator=""=~"" type=""3"" value=""[Edit Value]""/></node></node></node></node></node></treeModel>","<?xml version=""1.0"" encoding=""UTF-8""?><treeModel><node deleted=""no"" id="""" isNegative=""no"" isReference=""no"" isRegex=""no"" label=""Output"" nodeImplementation=""Output"" type=""4"" value=""Output""><node deleted=""no"" id=""New.1459537780715"" isNegative=""no"" isReference=""no"" isRegex=""no"" label=""1459537780715"" nodeImplementation=""Output"" qualifiedName=""com.negativePower"" supertype=""uima.tcas.Annotation"" type=""6"" typeQualifier=""com."" value=""negativePower""><node deleted=""no"" id="""" isNegative=""no"" isReference=""no"" isRegex=""no"" label=""Features"" nodeImplementation=""Output"" type=""9"" value=""""/><node deleted=""no"" id="""" isNegative=""no"" isReference=""no"" isRegex=""no"" label=""Subtree"" nodeImplementation=""Output"" type=""18"" typeQualifier=""com."" value=""""><node deleted=""no"" id=""1"" isNegative=""no"" isReference=""no"" isRegex=""no"" label=""Group"" nodeImplementation=""Output"" type=""26"" value=""""><node deleted=""no"" id=""1.1"" isNegative=""no"" isReference=""no"" isRegex=""no"" label="""" nodeImplementation=""Output"" qualifiedName=""com.Negative_Terms"" supertype=""uima.tt.DictionaryEntryAnnotation"" type=""6"" typeQualifier=""com."" value=""Negative_Terms""><node deleted=""no"" id=""1.1.1"" isNegative=""no"" isReference=""no"" isRegex=""no"" label=""Features"" nodeImplementation=""Output"" type=""9"" value=""""><node deleted=""no"" id=""1.1.1.1"" isNegative=""no"" isReference=""no"" isRegex=""no"" label=""Value"" nodeImplementation=""Output"" testOperator=""=~"" type=""3"" value=""[Edit Value]""/></node></node><node deleted=""no"" id=""1.2"" isNegative=""no"" isReference=""no"" isRegex=""no"" label="""" nodeImplementation=""Output"" qualifiedName=""com.Power"" supertype=""uima.tt.DictionaryEntryAnnotation"" type=""6"" typeQualifier=""com."" value=""Power""><node deleted=""no"" id=""1.2.1"" isNegative=""no"" isReference=""no"" isRegex=""no"" label=""Features"" nodeImplementation=""Output"" type=""9"" value=""""><node deleted=""no"" id=""1.2.1.1"" isNegative=""no"" isReference=""no"" isRegex=""no"" label=""Value"" nodeImplementation=""Output"" testOperator=""=~"" type=""3"" value=""[Edit Value]""/></node></node></node></node></node></node></treeModel>","( <E>/[Type_com_negativePower
. (
 Type_com_Negative__Terms[]
. Type_com_Power[]
 )@
. <E>/]Type_com_negativePower[\ruleId=""1EE6CFB1A27D4ABCB4533D474C232DF3""] )
. <E>/[$ruleid=""1EE6CFB1A27D4ABCB4533D474C232DF3""]","<?xml version=""1.0"" encoding=""UTF-8""?><root><alltypes><type name=""com.negativePower""><supertype name=""uima.tcas.Annotation""/><allfeatures><feature featuretype=""uima.cas.String"" name=""ruleId""/></allfeatures><allpriorities><lowerpriority name=""com.Power""/><lowerpriority name=""com.Negative_Terms""/></allpriorities></type></alltypes><allinputs><input name=""com.Power""><supertype name=""uima.tt.DictionaryEntryAnnotation""/><allfeatures/></input><input name=""com.Negative_Terms""><supertype name=""uima.tt.DictionaryEntryAnnotation""/><allfeatures/></input></allinputs><allignoredtypes/><scope name=""Sentence""/><manuallyEdited>true</manuallyEdited><typemappings><mapping symbol=""Type_com_negativePower"" typename=""com.negativePower""/><mapping symbol=""Type_com_Power"" typename=""com.Power""/><mapping symbol=""Type_com_Negative__Terms"" typename=""com.Negative_Terms""/></typemappings></root>","",""
