"DELETED","RULESET","RULETYPE","LABEL","ORIGINALTEXT","DATECREATED","DATEMODIFIED","RULEID","CASCADELEVEL","RULENUM","SOURCEDOC","SURROUNDINGTEXT","INPUTMODEL","OUTPUTMODEL","AFSTRULE","TYPELIST","SHORTDESC","AUTHOR"
"N","Default","Aggregate","positiveWorth","[Group[Positive_Terms Worth]]","2016-04-01T15:35:19.520","2016-04-01T15:35:42.242","66D4D08BD2B6480888607751149945EB","2","1","Car Buying.annoconfig","","<?xml version=""1.0"" encoding=""UTF-8""?><treeModel><node deleted=""no"" id="""" isNegative=""no"" isReference=""no"" isRegex=""no"" label="""" nodeImplementation=""Input"" reqd=""1"" type=""0"" value=""Input""><node deleted=""no"" id="""" isNegative=""no"" isReference=""no"" isRegex=""no"" label="""" nodeImplementation=""Input"" reqd=""1"" type=""1"" value=""Aggregate""><node deleted=""no"" id=""1"" isNegative=""no"" isReference=""no"" isRegex=""no"" label=""Group"" nodeImplementation=""Input"" reqd=""1"" type=""26"" value=""""><node deleted=""no"" id=""1.1"" isNegative=""no"" isReference=""no"" isRegex=""no"" label="""" nodeImplementation=""Input"" qualifiedName=""com.Positive_Terms"" reqd=""1"" supertype=""uima.tt.DictionaryEntryAnnotation"" type=""6"" typeQualifier=""com."" value=""Positive_Terms""><node deleted=""no"" id=""1.1.1"" isNegative=""no"" isReference=""no"" isRegex=""no"" label=""Features"" nodeImplementation=""Input"" reqd=""1"" type=""9"" value=""""><node deleted=""no"" id=""1.1.1.1"" isNegative=""no"" isReference=""no"" isRegex=""no"" label=""Value"" nodeImplementation=""Input"" reqd=""0"" testOperator=""=~"" type=""3"" value=""[Edit Value]""/></node></node><node deleted=""no"" id=""1.2"" isNegative=""no"" isReference=""no"" isRegex=""no"" label="""" nodeImplementation=""Input"" qualifiedName=""com.Worth"" reqd=""1"" supertype=""uima.tt.DictionaryEntryAnnotation"" type=""6"" typeQualifier=""com."" value=""Worth""><node deleted=""no"" id=""1.2.1"" isNegative=""no"" isReference=""no"" isRegex=""no"" label=""Features"" nodeImplementation=""Input"" reqd=""1"" type=""9"" value=""""><node deleted=""no"" id=""1.2.1.1"" isNegative=""no"" isReference=""no"" isRegex=""no"" label=""Value"" nodeImplementation=""Input"" reqd=""0"" testOperator=""=~"" type=""3"" value=""[Edit Value]""/></node></node></node></node></node></treeModel>","<?xml version=""1.0"" encoding=""UTF-8""?><treeModel><node deleted=""no"" id="""" isNegative=""no"" isReference=""no"" isRegex=""no"" label=""Output"" nodeImplementation=""Output"" type=""4"" value=""Output""><node deleted=""no"" id=""New.1459539335309"" isNegative=""no"" isReference=""no"" isRegex=""no"" label=""1459539335309"" nodeImplementation=""Output"" qualifiedName=""com.positiveWorth"" supertype=""uima.tcas.Annotation"" type=""6"" typeQualifier=""com."" value=""positiveWorth""><node deleted=""no"" id="""" isNegative=""no"" isReference=""no"" isRegex=""no"" label=""Features"" nodeImplementation=""Output"" type=""9"" value=""""/><node deleted=""no"" id="""" isNegative=""no"" isReference=""no"" isRegex=""no"" label=""Subtree"" nodeImplementation=""Output"" type=""18"" typeQualifier=""com."" value=""""><node deleted=""no"" id=""1"" isNegative=""no"" isReference=""no"" isRegex=""no"" label=""Group"" nodeImplementation=""Output"" type=""26"" value=""""><node deleted=""no"" id=""1.1"" isNegative=""no"" isReference=""no"" isRegex=""no"" label="""" nodeImplementation=""Output"" qualifiedName=""com.Positive_Terms"" supertype=""uima.tt.DictionaryEntryAnnotation"" type=""6"" typeQualifier=""com."" value=""Positive_Terms""><node deleted=""no"" id=""1.1.1"" isNegative=""no"" isReference=""no"" isRegex=""no"" label=""Features"" nodeImplementation=""Output"" type=""9"" value=""""><node deleted=""no"" id=""1.1.1.1"" isNegative=""no"" isReference=""no"" isRegex=""no"" label=""Value"" nodeImplementation=""Output"" testOperator=""=~"" type=""3"" value=""[Edit Value]""/></node></node><node deleted=""no"" id=""1.2"" isNegative=""no"" isReference=""no"" isRegex=""no"" label="""" nodeImplementation=""Output"" qualifiedName=""com.Worth"" supertype=""uima.tt.DictionaryEntryAnnotation"" type=""6"" typeQualifier=""com."" value=""Worth""><node deleted=""no"" id=""1.2.1"" isNegative=""no"" isReference=""no"" isRegex=""no"" label=""Features"" nodeImplementation=""Output"" type=""9"" value=""""><node deleted=""no"" id=""1.2.1.1"" isNegative=""no"" isReference=""no"" isRegex=""no"" label=""Value"" nodeImplementation=""Output"" testOperator=""=~"" type=""3"" value=""[Edit Value]""/></node></node></node></node></node></node></treeModel>","( <E>/[Type_com_positiveWorth
. (
 Type_com_Positive__Terms[]
. Type_com_Worth[]
 )@
. <E>/]Type_com_positiveWorth[\ruleId=""66D4D08BD2B6480888607751149945EB""] )
. <E>/[$ruleid=""66D4D08BD2B6480888607751149945EB""]","<?xml version=""1.0"" encoding=""UTF-8""?><root><alltypes><type name=""com.positiveWorth""><supertype name=""uima.tcas.Annotation""/><allfeatures><feature featuretype=""uima.cas.String"" name=""ruleId""/></allfeatures><allpriorities><lowerpriority name=""com.Positive_Terms""/><lowerpriority name=""com.Worth""/></allpriorities></type></alltypes><allinputs><input name=""com.Positive_Terms""><supertype name=""uima.tt.DictionaryEntryAnnotation""/><allfeatures/></input><input name=""com.Worth""><supertype name=""uima.tt.DictionaryEntryAnnotation""/><allfeatures/></input></allinputs><allignoredtypes/><scope name=""Sentence""/><manuallyEdited>true</manuallyEdited><typemappings><mapping symbol=""Type_com_Positive__Terms"" typename=""com.Positive_Terms""/><mapping symbol=""Type_com_positiveWorth"" typename=""com.positiveWorth""/><mapping symbol=""Type_com_Worth"" typename=""com.Worth""/></typemappings></root>","",""
"N","Default","Aggregate","negativeWorth","[Group[Negative_Terms Worth]]","2016-04-01T15:35:51.080","2016-04-01T15:36:11.711","368422C597C74CB6B696B5D50D8A20E5","2","1","Car Buying.annoconfig","","<?xml version=""1.0"" encoding=""UTF-8""?><treeModel><node deleted=""no"" id="""" isNegative=""no"" isReference=""no"" isRegex=""no"" label="""" nodeImplementation=""Input"" reqd=""1"" type=""0"" value=""Input""><node deleted=""no"" id="""" isNegative=""no"" isReference=""no"" isRegex=""no"" label="""" nodeImplementation=""Input"" reqd=""1"" type=""1"" value=""Aggregate""><node deleted=""no"" id=""1"" isNegative=""no"" isReference=""no"" isRegex=""no"" label=""Group"" nodeImplementation=""Input"" reqd=""1"" type=""26"" value=""""><node deleted=""no"" id=""1.1"" isNegative=""no"" isReference=""no"" isRegex=""no"" label="""" nodeImplementation=""Input"" qualifiedName=""com.Negative_Terms"" reqd=""1"" supertype=""uima.tt.DictionaryEntryAnnotation"" type=""6"" typeQualifier=""com."" value=""Negative_Terms""><node deleted=""no"" id=""1.1.1"" isNegative=""no"" isReference=""no"" isRegex=""no"" label=""Features"" nodeImplementation=""Input"" reqd=""1"" type=""9"" value=""""><node deleted=""no"" id=""1.1.1.1"" isNegative=""no"" isReference=""no"" isRegex=""no"" label=""Value"" nodeImplementation=""Input"" reqd=""0"" testOperator=""=~"" type=""3"" value=""[Edit Value]""/></node></node><node deleted=""no"" id=""1.2"" isNegative=""no"" isReference=""no"" isRegex=""no"" label="""" nodeImplementation=""Input"" qualifiedName=""com.Worth"" reqd=""1"" supertype=""uima.tt.DictionaryEntryAnnotation"" type=""6"" typeQualifier=""com."" value=""Worth""><node deleted=""no"" id=""1.2.1"" isNegative=""no"" isReference=""no"" isRegex=""no"" label=""Features"" nodeImplementation=""Input"" reqd=""1"" type=""9"" value=""""><node deleted=""no"" id=""1.2.1.1"" isNegative=""no"" isReference=""no"" isRegex=""no"" label=""Value"" nodeImplementation=""Input"" reqd=""0"" testOperator=""=~"" type=""3"" value=""[Edit Value]""/></node></node></node></node></node></treeModel>","<?xml version=""1.0"" encoding=""UTF-8""?><treeModel><node deleted=""no"" id="""" isNegative=""no"" isReference=""no"" isRegex=""no"" label=""Output"" nodeImplementation=""Output"" type=""4"" value=""Output""><node deleted=""no"" id=""New.1459539365292"" isNegative=""no"" isReference=""no"" isRegex=""no"" label=""1459539365292"" nodeImplementation=""Output"" qualifiedName=""com.negativeWorth"" supertype=""uima.tcas.Annotation"" type=""6"" typeQualifier=""com."" value=""negativeWorth""><node deleted=""no"" id="""" isNegative=""no"" isReference=""no"" isRegex=""no"" label=""Features"" nodeImplementation=""Output"" type=""9"" value=""""/><node deleted=""no"" id="""" isNegative=""no"" isReference=""no"" isRegex=""no"" label=""Subtree"" nodeImplementation=""Output"" type=""18"" typeQualifier=""com."" value=""""><node deleted=""no"" id=""1"" isNegative=""no"" isReference=""no"" isRegex=""no"" label=""Group"" nodeImplementation=""Output"" type=""26"" value=""""><node deleted=""no"" id=""1.1"" isNegative=""no"" isReference=""no"" isRegex=""no"" label="""" nodeImplementation=""Output"" qualifiedName=""com.Negative_Terms"" supertype=""uima.tt.DictionaryEntryAnnotation"" type=""6"" typeQualifier=""com."" value=""Negative_Terms""><node deleted=""no"" id=""1.1.1"" isNegative=""no"" isReference=""no"" isRegex=""no"" label=""Features"" nodeImplementation=""Output"" type=""9"" value=""""><node deleted=""no"" id=""1.1.1.1"" isNegative=""no"" isReference=""no"" isRegex=""no"" label=""Value"" nodeImplementation=""Output"" testOperator=""=~"" type=""3"" value=""[Edit Value]""/></node></node><node deleted=""no"" id=""1.2"" isNegative=""no"" isReference=""no"" isRegex=""no"" label="""" nodeImplementation=""Output"" qualifiedName=""com.Worth"" supertype=""uima.tt.DictionaryEntryAnnotation"" type=""6"" typeQualifier=""com."" value=""Worth""><node deleted=""no"" id=""1.2.1"" isNegative=""no"" isReference=""no"" isRegex=""no"" label=""Features"" nodeImplementation=""Output"" type=""9"" value=""""><node deleted=""no"" id=""1.2.1.1"" isNegative=""no"" isReference=""no"" isRegex=""no"" label=""Value"" nodeImplementation=""Output"" testOperator=""=~"" type=""3"" value=""[Edit Value]""/></node></node></node></node></node></node></treeModel>","( <E>/[Type_com_negativeWorth
. (
 Type_com_Negative__Terms[]
. Type_com_Worth[]
 )@
. <E>/]Type_com_negativeWorth[\ruleId=""368422C597C74CB6B696B5D50D8A20E5""] )
. <E>/[$ruleid=""368422C597C74CB6B696B5D50D8A20E5""]","<?xml version=""1.0"" encoding=""UTF-8""?><root><alltypes><type name=""com.negativeWorth""><supertype name=""uima.tcas.Annotation""/><allfeatures><feature featuretype=""uima.cas.String"" name=""ruleId""/></allfeatures><allpriorities><lowerpriority name=""com.Worth""/><lowerpriority name=""com.Negative_Terms""/></allpriorities></type></alltypes><allinputs><input name=""com.Worth""><supertype name=""uima.tt.DictionaryEntryAnnotation""/><allfeatures/></input><input name=""com.Negative_Terms""><supertype name=""uima.tt.DictionaryEntryAnnotation""/><allfeatures/></input></allinputs><allignoredtypes/><scope name=""Sentence""/><manuallyEdited>true</manuallyEdited><typemappings><mapping symbol=""Type_com_negativeWorth"" typename=""com.negativeWorth""/><mapping symbol=""Type_com_Worth"" typename=""com.Worth""/><mapping symbol=""Type_com_Negative__Terms"" typename=""com.Negative_Terms""/></typemappings></root>","",""
