<?xml version="1.0" encoding="utf-8"?>
<typePriorities xmlns="http://uima.apache.org/resourceSpecifier">
  <priorityLists>
    <priorityList>
      <type>uima.tcas.DocumentAnnotation</type>
      <type>uima.tt.ParagraphAnnotation</type>
      <type>uima.tt.SentenceAnnotation</type>
      <type>com.comfortSeats</type>
      <type>com.ibm.lw.marker.MarkerComfortableSeatsRulesOutputType</type>
      <type>uima.tt.DictionaryEntryAnnotation</type>
      <type>uima.tt.TokenAnnotation</type>
    </priorityList>
    <priorityList>
      <type>uima.tcas.DocumentAnnotation</type>
      <type>uima.tt.ParagraphAnnotation</type>
      <type>uima.tt.SentenceAnnotation</type>
      <type>com.negativeComfortSeats</type>
      <type>com.ibm.lw.marker.MarkerComfortableSeatsRulesOutputType</type>
      <type>uima.tt.DictionaryEntryAnnotation</type>
      <type>uima.tt.TokenAnnotation</type>
    </priorityList>
    <priorityList>
      <type>uima.tcas.DocumentAnnotation</type>
      <type>uima.tt.ParagraphAnnotation</type>
      <type>uima.tt.SentenceAnnotation</type>
      <type>com.negativeSeatsNotComfortable</type>
      <type>com.ibm.lw.marker.MarkerComfortableSeatsRulesOutputType</type>
      <type>uima.tt.DictionaryEntryAnnotation</type>
      <type>uima.tt.TokenAnnotation</type>
    </priorityList>
    <priorityList>
      <type>uima.tcas.DocumentAnnotation</type>
      <type>uima.tt.ParagraphAnnotation</type>
      <type>uima.tt.SentenceAnnotation</type>
      <type>com.seeatsNotComfortable</type>
      <type>com.ibm.lw.marker.MarkerComfortableSeatsRulesOutputType</type>
      <type>uima.tt.DictionaryEntryAnnotation</type>
      <type>uima.tt.TokenAnnotation</type>
    </priorityList>
    <priorityList>
      <type>com.ibm.lw.marker.MarkerComfortableSeatsRulesOutputType</type>
      <type>com.Seats</type>
    </priorityList>
    <priorityList>
      <type>com.ibm.lw.marker.MarkerComfortableSeatsRulesOutputType</type>
      <type>com.Comfort</type>
    </priorityList>
    <priorityList>
      <type>com.ibm.lw.marker.MarkerComfortableSeatsRulesOutputType</type>
      <type>com.NotComfortable</type>
    </priorityList>
    <priorityList>
      <type>com.ibm.lw.marker.MarkerComfortableSeatsRulesOutputType</type>
      <type>com.Negative_Terms</type>
    </priorityList>
    
  </priorityLists>
</typePriorities>
