<?xml version="1.0" encoding="utf-8"?>
<typePriorities xmlns="http://uima.apache.org/resourceSpecifier">
  <priorityLists>
    <priorityList>
      <type>uima.tcas.DocumentAnnotation</type>
      <type>uima.tt.ParagraphAnnotation</type>
      <type>uima.tt.SentenceAnnotation</type>
      <type>com.NegativeInfocenter</type>
      <type>com.ibm.lw.marker.MarkerInfoCenterRulesOutputType</type>
      <type>uima.tt.DictionaryEntryAnnotation</type>
      <type>uima.tt.TokenAnnotation</type>
    </priorityList>
    <priorityList>
      <type>uima.tcas.DocumentAnnotation</type>
      <type>uima.tt.ParagraphAnnotation</type>
      <type>uima.tt.SentenceAnnotation</type>
      <type>com.positiveInfocenter</type>
      <type>com.ibm.lw.marker.MarkerInfoCenterRulesOutputType</type>
      <type>uima.tt.DictionaryEntryAnnotation</type>
      <type>uima.tt.TokenAnnotation</type>
    </priorityList>
    <priorityList>
      <type>com.ibm.lw.marker.MarkerInfoCenterRulesOutputType</type>
      <type>com.Positive_Terms</type>
    </priorityList>
    <priorityList>
      <type>com.ibm.lw.marker.MarkerInfoCenterRulesOutputType</type>
      <type>com.InfoCenter</type>
    </priorityList>
    <priorityList>
      <type>com.ibm.lw.marker.MarkerInfoCenterRulesOutputType</type>
      <type>com.Negative_Terms</type>
    </priorityList>
    
  </priorityLists>
</typePriorities>
