<?xml version="1.0" encoding="utf-8"?>
<typePriorities xmlns="http://uima.apache.org/resourceSpecifier">
  <priorityLists>
    <priorityList>
      <type>uima.tcas.DocumentAnnotation</type>
      <type>uima.tt.ParagraphAnnotation</type>
      <type>uima.tt.SentenceAnnotation</type>
      <type>com.appearanceLuxurious</type>
      <type>com.ibm.lw.marker.MarkerLuxuriousRulesOutputType</type>
      <type>uima.tt.DictionaryEntryAnnotation</type>
      <type>uima.tt.TokenAnnotation</type>
    </priorityList>
    <priorityList>
      <type>uima.tcas.DocumentAnnotation</type>
      <type>uima.tt.ParagraphAnnotation</type>
      <type>uima.tt.SentenceAnnotation</type>
      <type>com.appearanceNegLuxurious</type>
      <type>com.ibm.lw.marker.MarkerLuxuriousRulesOutputType</type>
      <type>uima.tt.DictionaryEntryAnnotation</type>
      <type>uima.tt.TokenAnnotation</type>
    </priorityList>
    <priorityList>
      <type>com.ibm.lw.marker.MarkerLuxuriousRulesOutputType</type>
      <type>com.Appearance</type>
    </priorityList>
    <priorityList>
      <type>com.ibm.lw.marker.MarkerLuxuriousRulesOutputType</type>
      <type>com.Luxurious</type>
    </priorityList>
    <priorityList>
      <type>com.ibm.lw.marker.MarkerLuxuriousRulesOutputType</type>
      <type>com.Negative_Terms</type>
    </priorityList>
    
  </priorityLists>
</typePriorities>
