<?xml version="1.0" encoding="utf-8"?>
<typePriorities xmlns="http://uima.apache.org/resourceSpecifier">
  <priorityLists>
    <priorityList>
      <type>uima.tcas.DocumentAnnotation</type>
      <type>uima.tt.ParagraphAnnotation</type>
      <type>uima.tt.SentenceAnnotation</type>
      <type>com.makeModelYear</type>
      <type>com.ibm.lw.marker.MarkerMakeModelYearOutputType</type>
      <type>uima.tt.DictionaryEntryAnnotation</type>
      <type>uima.tt.TokenAnnotation</type>
    </priorityList>
    <priorityList>
      <type>uima.tcas.DocumentAnnotation</type>
      <type>uima.tt.ParagraphAnnotation</type>
      <type>uima.tt.SentenceAnnotation</type>
      <type>com.makeModelYearType</type>
      <type>com.ibm.lw.marker.MarkerMakeModelYearOutputType</type>
      <type>uima.tt.DictionaryEntryAnnotation</type>
      <type>uima.tt.TokenAnnotation</type>
    </priorityList>
    <priorityList>
      <type>com.ibm.lw.marker.MarkerMakeModelYearOutputType</type>
      <type>com.CarMake</type>
    </priorityList>
    <priorityList>
      <type>com.ibm.lw.marker.MarkerMakeModelYearOutputType</type>
      <type>com.CarModel</type>
    </priorityList>
    <priorityList>
      <type>com.ibm.lw.marker.MarkerMakeModelYearOutputType</type>
      <type>com.CarType</type>
    </priorityList>
    <priorityList>
      <type>com.ibm.lw.marker.MarkerMakeModelYearOutputType</type>
      <type>com.CarYear</type>
    </priorityList>
    
  </priorityLists>
</typePriorities>
