<?xml version="1.0" encoding="utf-8"?>
<typePriorities xmlns="http://uima.apache.org/resourceSpecifier">
  <priorityLists>
    <priorityList>
      <type>uima.tcas.DocumentAnnotation</type>
      <type>uima.tt.ParagraphAnnotation</type>
      <type>uima.tt.SentenceAnnotation</type>
      <type>com.negativeNottReliable</type>
      <type>com.ibm.lw.marker.MarkerReliableRulesOutputType</type>
      <type>uima.tt.DictionaryEntryAnnotation</type>
      <type>uima.tt.TokenAnnotation</type>
    </priorityList>
    <priorityList>
      <type>uima.tcas.DocumentAnnotation</type>
      <type>uima.tt.ParagraphAnnotation</type>
      <type>uima.tt.SentenceAnnotation</type>
      <type>com.negativeReliable</type>
      <type>com.ibm.lw.marker.MarkerReliableRulesOutputType</type>
      <type>uima.tt.DictionaryEntryAnnotation</type>
      <type>uima.tt.TokenAnnotation</type>
    </priorityList>
    <priorityList>
      <type>com.ibm.lw.marker.MarkerReliableRulesOutputType</type>
      <type>com.NotReliable</type>
    </priorityList>
    <priorityList>
      <type>com.ibm.lw.marker.MarkerReliableRulesOutputType</type>
      <type>com.Reliability</type>
    </priorityList>
    <priorityList>
      <type>com.ibm.lw.marker.MarkerReliableRulesOutputType</type>
      <type>com.Negative_Terms</type>
    </priorityList>
    
  </priorityLists>
</typePriorities>
