<?xml version="1.0" encoding="utf-8"?>
<typePriorities xmlns="http://uima.apache.org/resourceSpecifier">
  <priorityLists>
    <priorityList>
      <type>uima.tcas.DocumentAnnotation</type>
      <type>uima.tt.ParagraphAnnotation</type>
      <type>uima.tt.SentenceAnnotation</type>
      <type>com.CabinRoomy</type>
      <type>com.ibm.lw.marker.MarkerRoomyCabinRulesOutputType</type>
      <type>uima.tt.DictionaryEntryAnnotation</type>
      <type>uima.tt.TokenAnnotation</type>
    </priorityList>
    <priorityList>
      <type>uima.tcas.DocumentAnnotation</type>
      <type>uima.tt.ParagraphAnnotation</type>
      <type>uima.tt.SentenceAnnotation</type>
      <type>com.negativeCabinRoomy</type>
      <type>com.ibm.lw.marker.MarkerRoomyCabinRulesOutputType</type>
      <type>uima.tt.DictionaryEntryAnnotation</type>
      <type>uima.tt.TokenAnnotation</type>
    </priorityList>
    <priorityList>
      <type>com.ibm.lw.marker.MarkerRoomyCabinRulesOutputType</type>
      <type>com.Cabin</type>
    </priorityList>
    <priorityList>
      <type>com.ibm.lw.marker.MarkerRoomyCabinRulesOutputType</type>
      <type>com.Roomy</type>
    </priorityList>
    <priorityList>
      <type>com.ibm.lw.marker.MarkerRoomyCabinRulesOutputType</type>
      <type>com.Negative_Terms</type>
    </priorityList>
    
  </priorityLists>
</typePriorities>
