<?xml version="1.0" encoding="utf-8"?>
<typePriorities xmlns="http://uima.apache.org/resourceSpecifier">
  <priorityLists>
    <priorityList>
      <type>uima.tcas.DocumentAnnotation</type>
      <type>uima.tt.ParagraphAnnotation</type>
      <type>uima.tt.SentenceAnnotation</type>
      <type>com.negativeHandling</type>
      <type>com.ibm.lw.marker.MarkerSmoothHandlingRulesOutputType</type>
      <type>uima.tt.DictionaryEntryAnnotation</type>
      <type>uima.tt.TokenAnnotation</type>
    </priorityList>
    <priorityList>
      <type>uima.tcas.DocumentAnnotation</type>
      <type>uima.tt.ParagraphAnnotation</type>
      <type>uima.tt.SentenceAnnotation</type>
      <type>com.negativeNotSmooth</type>
      <type>com.ibm.lw.marker.MarkerSmoothHandlingRulesOutputType</type>
      <type>uima.tt.DictionaryEntryAnnotation</type>
      <type>uima.tt.TokenAnnotation</type>
    </priorityList>
    <priorityList>
      <type>uima.tcas.DocumentAnnotation</type>
      <type>uima.tt.ParagraphAnnotation</type>
      <type>uima.tt.SentenceAnnotation</type>
      <type>com.negativeSmooth</type>
      <type>com.ibm.lw.marker.MarkerSmoothHandlingRulesOutputType</type>
      <type>uima.tt.DictionaryEntryAnnotation</type>
      <type>uima.tt.TokenAnnotation</type>
    </priorityList>
    <priorityList>
      <type>uima.tcas.DocumentAnnotation</type>
      <type>uima.tt.ParagraphAnnotation</type>
      <type>uima.tt.SentenceAnnotation</type>
      <type>com.positiveHandling</type>
      <type>com.ibm.lw.marker.MarkerSmoothHandlingRulesOutputType</type>
      <type>uima.tt.DictionaryEntryAnnotation</type>
      <type>uima.tt.TokenAnnotation</type>
    </priorityList>
    <priorityList>
      <type>uima.tcas.DocumentAnnotation</type>
      <type>uima.tt.ParagraphAnnotation</type>
      <type>uima.tt.SentenceAnnotation</type>
      <type>com.positiveNotSmooth</type>
      <type>com.ibm.lw.marker.MarkerSmoothHandlingRulesOutputType</type>
      <type>uima.tt.DictionaryEntryAnnotation</type>
      <type>uima.tt.TokenAnnotation</type>
    </priorityList>
    <priorityList>
      <type>uima.tcas.DocumentAnnotation</type>
      <type>uima.tt.ParagraphAnnotation</type>
      <type>uima.tt.SentenceAnnotation</type>
      <type>com.positiveSmooth</type>
      <type>com.ibm.lw.marker.MarkerSmoothHandlingRulesOutputType</type>
      <type>uima.tt.DictionaryEntryAnnotation</type>
      <type>uima.tt.TokenAnnotation</type>
    </priorityList>
    <priorityList>
      <type>com.ibm.lw.marker.MarkerSmoothHandlingRulesOutputType</type>
      <type>com.Smooth</type>
    </priorityList>
    <priorityList>
      <type>com.ibm.lw.marker.MarkerSmoothHandlingRulesOutputType</type>
      <type>com.Handling</type>
    </priorityList>
    <priorityList>
      <type>com.ibm.lw.marker.MarkerSmoothHandlingRulesOutputType</type>
      <type>com.Positive_Terms</type>
    </priorityList>
    <priorityList>
      <type>com.ibm.lw.marker.MarkerSmoothHandlingRulesOutputType</type>
      <type>com.NotSmooth</type>
    </priorityList>
    <priorityList>
      <type>com.ibm.lw.marker.MarkerSmoothHandlingRulesOutputType</type>
      <type>com.Negative_Terms</type>
    </priorityList>
    
  </priorityLists>
</typePriorities>
