<?xml version="1.0" encoding="utf-8"?>
<typePriorities xmlns="http://uima.apache.org/resourceSpecifier">
  <priorityLists>
    <priorityList>
      <type>uima.tcas.DocumentAnnotation</type>
      <type>uima.tt.ParagraphAnnotation</type>
      <type>uima.tt.SentenceAnnotation</type>
      <type>com.negativeSportyAppearance</type>
      <type>com.ibm.lw.marker.MarkerSportyAppearanceRulesOutputType</type>
      <type>uima.tt.DictionaryEntryAnnotation</type>
      <type>uima.tt.TokenAnnotation</type>
    </priorityList>
    <priorityList>
      <type>uima.tcas.DocumentAnnotation</type>
      <type>uima.tt.ParagraphAnnotation</type>
      <type>uima.tt.SentenceAnnotation</type>
      <type>com.sportyAppearance</type>
      <type>com.ibm.lw.marker.MarkerSportyAppearanceRulesOutputType</type>
      <type>uima.tt.DictionaryEntryAnnotation</type>
      <type>uima.tt.TokenAnnotation</type>
    </priorityList>
    <priorityList>
      <type>com.ibm.lw.marker.MarkerSportyAppearanceRulesOutputType</type>
      <type>com.Sporty</type>
    </priorityList>
    <priorityList>
      <type>com.ibm.lw.marker.MarkerSportyAppearanceRulesOutputType</type>
      <type>com.Appearance</type>
    </priorityList>
    <priorityList>
      <type>com.ibm.lw.marker.MarkerSportyAppearanceRulesOutputType</type>
      <type>com.Negative_Terms</type>
    </priorityList>
    
  </priorityLists>
</typePriorities>
